Мақоми давлатӣ,Категория,№,Рамзи хизматрасонӣ,Номгӯйи хизматрасонӣ,Гирандаи хизматрасонӣ,Хизматрасонанда,Ташкилоти қабул ва додани натиҷа,Шакли хизматрасонӣ,Музднок ё ройгон
АГЕНТИИ НАЗОРАТ ДАР СОҲАИ МАОРИФ ВА ИЛМИ НАЗДИ ПРЕЗИДЕНТИ ҶУМҲУРИИ ТОҶИКИСТОН,Шаҳодатнома,34,000034,Шаҳодатномаи баробарарзишии ҳуҷҷати таҳсилоти давлати хориҷӣ,Шахсони воқеӣ,Агентии назорат дар соҳаи маориф ва илми назди Президенти Ҷумҳурии Тоҷикистон,Агентии назорат дар соҳаи маориф ва илми назди Президенти Ҷумҳурии Тоҷикистон,"Коғазӣ, электронӣ",Музднок
АГЕНТИИ НАЗОРАТ ДАР СОҲАИ МАОРИФ ВА ИЛМИ НАЗДИ ПРЕЗИДЕНТИ ҶУМҲУРИИ ТОҶИКИСТОН,Шаҳодатнома,35,000035,Шаҳоданомаи эътирофи ҳуҷҷати таҳсилоти давлати хориҷӣ,Шахсони воқеӣ,Агентии назорат дар соҳаи маориф ва илми назди Президенти Ҷумҳурии Тоҷикистон,Агентии назорат дар соҳаи маориф ва илми назди Президенти Ҷумҳурии Тоҷикистон,"Коғазӣ, электронӣ",Музднок
АГЕНТИИ НАЗОРАТИ ДАВЛАТИИ ЭНЕРГЕТИКИИ НАЗДИ ПРЕЗИДЕНТИ ҶУМҲУРИИ ТОҶИКИСТОН,Бақайдгирӣ,36,000036,"Бақайдгирӣ аз натиҷаи санҷиши дониши ҳайати комиссия ва кормандони хизматрасонии нерӯгоҳҳо, шабакаҳо ва истеъмолкунандагони захираҳои сӯзишворию энергетикӣ",Шахсони воқеӣ,"Агентии назорати давлатии энергетикии назди Президенти Ҷумҳурии Тоҷикистон, раёсату шуъбаҳои шаҳрию минтақавии Агентии назорати давлатии энергетикии назди Президенти Ҷумҳурии Тоҷикистон","Агентии назорати давлатии энергетикии назди Президенти Ҷумҳурии Тоҷикистон, раёсату шуъбаҳои шаҳрию минтақавии Агентии назорати давлатии энергетикии назди Президенти Ҷумҳурии Тоҷикистон","Коғазӣ, электронӣ",Музднок
ВАЗОРАТИ АДЛИЯИ ҶУМҲУРИИ ТОҶИКИСТОН,Бақайдгирӣ (азнавбақайдгирӣ),45,000045,Бақайдгирии давлатии таваллуд (Шаҳодатномаи таваллуд),Шахсони воқеӣ,"Бахшҳои сабти асноди ҳолати шаҳрвандӣ дар шаҳру ноҳияҳо, ҷамоатҳои шаҳрак ва деҳот, консулгариҳои Ҷумҳурии Тоҷикистон дар давлатҳои хориҷӣ","Бахшҳои сабти асноди ҳолати шаҳрвандӣ дар шаҳру ноҳияҳо, ҷамоатҳои шаҳрак ва деҳот, консулгариҳои Ҷумҳурии Тоҷикистон дар давлатҳои хориҷӣ","Коғазӣ, электронӣ",Ройгон
ВАЗОРАТИ АДЛИЯИ ҶУМҲУРИИ ТОҶИКИСТОН,Бақайдгирӣ (азнавбақайдгирӣ),46,000046,Бақайдгирии давлатии ақди никоҳ (Шаҳодатномаи ақди никоҳ),Шахсони воқеӣ,"Шуъба-хонаҳои ақди никоҳи шаҳрҳои Душанбе ва Хуҷанд, бахшҳои сабти асноди ҳолати шаҳрвандӣ дар шаҳру ноҳияҳо, ҷамоатҳои шаҳрак ва деҳот, консулгариҳои Ҷумҳурии Тоҷикистон дар давлатҳои хориҷӣ","Шуъба-хонаҳои ақди никоҳи шаҳрҳои Душанбе ва Хуҷанд, бахшҳои сабти асноди ҳолати шаҳрвандӣ дар шаҳру ноҳияҳо, ҷамоатҳои шаҳрак ва деҳот, консулгариҳои Ҷумҳурии Тоҷикистон дар давлатҳои хориҷӣ","Коғазӣ, электронӣ",Музднок
ВАЗОРАТИ АДЛИЯИ ҶУМҲУРИИ ТОҶИКИСТОН,Бақайдгирӣ (азнавбақайдгирӣ),47,000047,Бақайдгирии давлатии бекор кардани ақди никоҳ (Шаҳодатномаи бекор кардани ақди никоҳ),Шахсони воқеӣ,"Бахшҳои сабти асноди ҳолати шаҳрвандӣ дар шаҳру ноҳияҳо, консулгариҳои Ҷумҳурии Тоҷикистон дар давлатҳои хориҷӣ","Бахшҳои сабти асноди ҳолати шаҳрвандӣ дар шаҳру ноҳияҳо, консулгариҳои Ҷумҳурии Тоҷикистон дар давлатҳои хориҷӣ","Коғазӣ, электронӣ",Музднок
ВАЗОРАТИ АДЛИЯИ ҶУМҲУРИИ ТОҶИКИСТОН,Бақайдгирӣ (азнавбақайдгирӣ),48,000048,Бақайдгирии давлатии фарзандхондӣ (Шаҳодатномаи фарзандхондӣ),Шахсони воқеӣ,"Бахшҳои сабти асноди ҳолати шаҳрвандӣ дар шаҳру ноҳияҳо, консулгариҳои Ҷумҳурии Тоҷикистон дар давлатҳои хориҷӣ","Бахшҳои сабти асноди ҳолати шаҳрвандӣ дар шаҳру ноҳияҳо, консулгариҳои Ҷумҳурии Тоҷикистон дар давлатҳои хориҷӣ","Коғазӣ, электронӣ",Ройгон
ВАЗОРАТИ АДЛИЯИ ҶУМҲУРИИ ТОҶИКИСТОН,Бақайдгирӣ (азнавбақайдгирӣ),49,000049,Бақайдгирии давлатии муқаррар намудани падарӣ (Шаҳодатномаи муқаррар намудани падарӣ),Шахсони воқеӣ,"Бахшҳои сабти асноди ҳолати шаҳрвандӣ дар шаҳру ноҳияҳо, ҷамоатҳои шаҳрак ва деҳот консулгариҳои Ҷумҳурии Тоҷикистон дар давлатҳои хориҷӣ","Бахшҳои сабти асноди ҳолати шаҳрвандӣ дар шаҳру ноҳияҳо, ҷамоатҳои шаҳрак ва деҳот консулгариҳои Ҷумҳурии Тоҷикистон дар давлатҳои хориҷӣ","Коғазӣ, электронӣ",Музднок
ВАЗОРАТИ АДЛИЯИ ҶУМҲУРИИ ТОҶИКИСТОН,Бақайдгирӣ (азнавбақайдгирӣ),50,000050,"Бақайдгирии давлатии иваз намудани насаб, ном ва номи падар (Шаҳодатномаи иваз намудани насаб, ном ва номи падар)",Шахсони воқеӣ,Бахшҳои сабти асноди ҳолати шаҳрвандӣ дар шаҳру ноҳияҳо,Бахшҳои сабти асноди ҳолати шаҳрвандӣ дар шаҳру ноҳияҳо,"Коғазӣ, электронӣ",Музднок
ВАЗОРАТИ АДЛИЯИ ҶУМҲУРИИ ТОҶИКИСТОН,Бақайдгирӣ (азнавбақайдгирӣ),51,000051,Бақайдгирии давлатии вафот (Шаҳодатномаи вафот),Шахсони воқеӣ,"Бахшҳои сабти асноди ҳолати шаҳрвандӣ дар шаҳру ноҳияҳо, ҷамоати шаҳрак ва деҳот, консулгариҳои Ҷумҳурии Тоҷикистон дар давлатҳои хориҷӣ","Бахшҳои сабти асноди ҳолати шаҳрвандӣ дар шаҳру ноҳияҳо, ҷамоати шаҳрак ва деҳот, консулгариҳои Ҷумҳурии Тоҷикистон дар давлатҳои хориҷӣ","Коғазӣ, электронӣ",Ройгон
ВАЗОРАТИ АДЛИЯИ ҶУМҲУРИИ ТОҶИКИСТОН,Маълумотнома,80,000080,Маълумотнома оид ба вазъи оилавӣ,Шахсони воқеӣ,"Шуъба-хонаҳои ақди никоҳи шаҳрҳои Душанбе ва Хуҷанд, бахшҳои сабти асноди ҳолати шаҳрвандӣ дар шаҳру ноҳияҳо","Шуъба-хонаҳои ақди никоҳи шаҳрҳои Душанбе ва Хуҷанд, бахшҳои сабти асноди ҳолати шаҳрвандӣ дар шаҳру ноҳияҳо","Коғазӣ, электронӣ",Музднок
ВАЗОРАТИ АДЛИЯИ ҶУМҲУРИИ ТОҶИКИСТОН,Маълумотнома,81,000081,"Маълумотнома дар бораи додани нусхаи дуюми шаҳодатнома, ворид намудани ислоҳ, тағйирот ва иловаҳо, муқаррар намудани падарӣ, иваз намудани насаб, ном ва номи падар, фарзандхондӣ",Шахсони воқеӣ,"Шуъба-хонаҳои ақди никоҳи шаҳрҳои Душанбе ва Хуҷанд, бахшҳои сабти асноди ҳолати шаҳрвандӣ дар шаҳру ноҳияҳо","Шуъба-хонаҳои ақди никоҳи шаҳрҳои Душанбе ва Хуҷанд, бахшҳои сабти асноди ҳолати шаҳрвандӣ дар шаҳру ноҳияҳо","Коғазӣ, электронӣ",Музднок
ВАЗОРАТИ АДЛИЯИ ҶУМҲУРИИ ТОҶИКИСТОН,Маълумотнома,82,000082,Маълумотнома оид ба мавҷуд будан/набудани сабти асноди ҳолати шаҳрвандӣ,Шахсони воқеӣ,"Шуъба-хонаҳои ақди никоҳи шаҳрҳои Душанбе ва Хуҷанд, бахшҳои сабти асноди ҳолати шаҳрвандӣ дар шаҳру ноҳияҳо","Шуъба-хонаҳои ақди никоҳи шаҳрҳои Душанбе ва Хуҷанд, бахшҳои сабти асноди ҳолати шаҳрвандӣ дар шаҳру ноҳияҳо","Коғазӣ, электронӣ",Музднок
ВАЗОРАТИ АДЛИЯИ ҶУМҲУРИИ ТОҶИКИСТОН,Маълумотнома,83,000083,Маълумотнома оид ба тасдиқи аслияти маълумотномаи вазъи оилавӣ,Шахсони воқеӣ,Вазорати адлияи Ҷумҳурии Тоҷикистон,Вазорати адлияи Ҷумҳурии Тоҷикистон,"Коғазӣ, электронӣ",Ройгон
ВАЗОРАТИ АДЛИЯИ ҶУМҲУРИИ ТОҶИКИСТОН,Маълумотнома,84,000084,"Маълумотнома оид ба амалиёти нотариалии баҷоовардашудае, ки дар парвандаи бойгонӣ маҳфуз дошта мешавад",Шахсони воқеӣ,"Саридораи нотариалии давлатӣ, идораҳои нотариалии давлатии шаҳрҳо ва ноҳияҳо","Саридораи нотариалии давлатӣ, идораҳои нотариалии давлатии шаҳрҳо ва ноҳияҳо","Коғазӣ, электронӣ",Музднок
ВАЗОРАТИ АДЛИЯИ ҶУМҲУРИИ ТОҶИКИСТОН,Тасдиқкунӣ,90,000090,Тасдиқи дурустии тарҷумаи ҳуҷҷат аз як забон ба забони дигар,Шахсони воқеӣ,"Саридораи нотариалии давлатӣ, идораҳои нотариалии давлатии шаҳрҳо ва ноҳияҳо","Саридораи нотариалии давлатӣ, идораҳои нотариалии давлатии шаҳрҳо ва ноҳияҳо","Коғазӣ, электронӣ",Музднок
ВАЗОРАТИ АДЛИЯИ ҶУМҲУРИИ ТОҶИКИСТОН,Тасдиқкунӣ,91,000091,Таъмини далелҳо (Протокол дар бораи таъмини далелҳо ва эълони васиятномаи махфӣ),Шахсони воқеӣ,"Саридораи нотариалии давлатӣ, идораҳои нотариалии давлатии шаҳрҳо ва ноҳияҳо","Саридораи нотариалии давлатӣ, идораҳои нотариалии давлатии шаҳрҳо ва ноҳияҳо","Коғазӣ, электронӣ",Музднок
ВАЗОРАТИ АДЛИЯИ ҶУМҲУРИИ ТОҶИКИСТОН,Тасдиқкунӣ,98,000098,Тасдиқ кардани воқеияти дар ҳаёт ё дар ҷойи муайян будани шахс,Шахсони воқеӣ,"Саридораи нотариалии давлатӣ, идораҳои нотариалии давлатии шаҳрҳо ва ноҳияҳо","Саридораи нотариалии давлатӣ, идораҳои нотариалии давлатии шаҳрҳо ва ноҳияҳо","Коғазӣ, электронӣ",Музднок
ВАЗОРАТИ АДЛИЯИ ҶУМҲУРИИ ТОҶИКИСТОН,Тасдиқкунӣ,99,000099,"Тасдиқ кардани айнияти шахс бо шахсе, ки дар сурат акс ёфтааст",Шахсони воқеӣ,"Саридораи нотариалии давлатӣ, идораҳои нотариалии давлатии шаҳрҳо ва ноҳияҳо","Саридораи нотариалии давлатӣ, идораҳои нотариалии давлатии шаҳрҳо ва ноҳияҳо","Коғазӣ, электронӣ",Музднок
ВАЗОРАТИ АДЛИЯИ ҶУМҲУРИИ ТОҶИКИСТОН,Хулоса,102,000102,Хулоса дар бораи бақайдгирии давлатии барқарор кардани сабти асноди ҳолати шаҳрвандӣ,Шахсони воқеӣ,"Шуъба-хонаҳои ақди никоҳи шаҳрҳои Душанбе ва Хуҷанд, бахшҳои сабти асноди ҳолати шаҳрвандӣ дар шаҳру ноҳияҳо, консулгариҳои Ҷумҳурии Тоҷикистон дар давлатҳои хориҷӣ","Шуъба-хонаҳои ақди никоҳи шаҳрҳои Душанбе ва Хуҷанд, бахшҳои сабти асноди ҳолати шаҳрвандӣ дар шаҳру ноҳияҳо, консулгариҳои Ҷумҳурии Тоҷикистон дар давлатҳои хориҷӣ","Коғазӣ, электронӣ",Музднок
ВАЗОРАТИ АДЛИЯИ ҶУМҲУРИИ ТОҶИКИСТОН,Хулоса,103,000103,"Хулоса оид ба ворид намудани ислоҳ, тағйирот ва иловаҳо ба сабти асноди ҳолати шаҳрвандӣ",Шахсони воқеӣ,"Бахшҳои сабти асноди ҳолати шаҳрвандӣ дар шаҳру ноҳияҳо, консулгариҳои Ҷумҳурии Тоҷикистон дар давлатҳои хориҷӣ","Бахшҳои сабти асноди ҳолати шаҳрвандӣ дар шаҳру ноҳияҳо, консулгариҳои Ҷумҳурии Тоҷикистон дар давлатҳои хориҷӣ","Коғазӣ, электронӣ",Музднок
ВАЗОРАТИ АДЛИЯИ ҶУМҲУРИИ ТОҶИКИСТОН,Хулоса,104,000104,"Хулоса аз натиҷаи гузаронидани ташхиси баллистикӣ, хатшиносӣ, кимёвӣ, ташхиси техникии ҳуҷҷатҳо, автотехникӣ, молшиносӣ ва наркологӣ аз рӯйи таъинот ва қарори суд, мақомоти прокуратура, корҳои дохилӣ, амнияти миллӣ, назорати давлатии молиявӣ ва мубориза бо коррупсия",Шахсони воқеӣ,"Маркази ҷумҳуриявии экспертизаи судӣ ва криминалистӣ ва филиалҳои он дар Вилояти Мухтори Кӯҳистони Бадахшон, вилоятҳои Хатлон ва Суғд","Маркази ҷумҳуриявии экспертизаи судӣ ва криминалистӣ ва филиалҳои он дар Вилояти Мухтори Кӯҳистони Бадахшон, вилоятҳои Хатлон ва Суғд","Коғазӣ, электронӣ",Музднок
ВАЗОРАТИ АДЛИЯИ ҶУМҲУРИИ ТОҶИКИСТОН,Шаҳодатнома,113,000113,Шаҳодатномаи ҳуқуқи моликият ба ҳиссаи молу мулки муштараки зану шавҳар,Шахсони воқеӣ,"Саридораи нотариалии давлатӣ, идораҳои нотариалии давлатии шаҳрҳо ва ноҳияҳо","Саридораи нотариалии давлатӣ, идораҳои нотариалии давлатии шаҳрҳо ва ноҳияҳо","Коғазӣ, электронӣ",Музднок
ВАЗОРАТИ КИШОВАРЗИИ ҶУМҲУРИИ ТОҶИКИСТОН,Шаҳодатнома,123,000123,Шаҳодатномаи ронандаагии «механизатор-ронанда»,Шахсони воқеӣ,Бозрасии назорати давлатии техникаи кишоварзӣ,Бозрасии назорати давлатии техникаи кишоварзӣ,"Коғазӣ, электронӣ",Музднок
ВАЗОРАТИ КОРҲОИ ДОХИЛИИ ҶУМҲУРИИ ТОҶИКИСТОН,Аломати қайди давлатӣ,124,000124,Аломати қайди давлатии воситаҳои нақлиёти шахсони воқеӣ,Шахсони воқеӣ,"Раёсати бозрасии давлатии автомобилӣ, Бозрасии давлатии автомобилии вилоятҳо ва шаҳру ноҳияҳои Ҷумҳурии Тоҷикистон","Раёсати бозрасии давлатии автомобилӣ, Бозрасии давлатии автомобилии вилоятҳо ва шаҳру ноҳияҳои Ҷумҳурии Тоҷикистон","Коғазӣ, электронӣ",Музднок
ВАЗОРАТИ КОРҲОИ ДОХИЛИИ ҶУМҲУРИИ ТОҶИКИСТОН,Бақайдгирӣ (азнавбақайдгирӣ),131,000131,Бақайдгирӣ ва дароз кардани муҳлати қайди шиносномаи шаҳрвандони хориҷӣ ва шахсони бешаҳрванд,Шахсони воқеӣ,Хадамоти шиносномавию бақайдгирӣ,Хадамоти шиносномавию бақайдгирӣ,"Коғазӣ, электронӣ",Музднок
ВАЗОРАТИ КОРҲОИ ДОХИЛИИ ҶУМҲУРИИ ТОҶИКИСТОН,Варақа,136,000136,Варақаи қабули имтиҳони назариявии қоидаҳои ҳаракат дар роҳ,Шахсони воқеӣ,"Раёсати бозрасии давлатии автомобилӣ, Бозрасии давлатии автомобилии вилоятҳо ва шаҳру ноҳияҳои Ҷумҳурии Тоҷикистон","Раёсати бозрасии давлатии автомобилӣ, Бозрасии давлатии автомобилии вилоятҳо ва шаҳру ноҳияҳои Ҷумҳурии Тоҷикистон","Коғазӣ, электронӣ",Музднок
ВАЗОРАТИ КОРҲОИ ДОХИЛИИ ҶУМҲУРИИ ТОҶИКИСТОН,Варақа,137,000137,Варақаи қабули имтиҳони амалии қоидаҳои ҳаракат дар роҳ,Шахсони воқеӣ,"Раёсати бозрасии давлатии автомобилӣ, Бозрасии давлатии автомобилии вилоятҳо ва шаҳру ноҳияҳои Ҷумҳурии Тоҷикистон","Раёсати бозрасии давлатии автомобилӣ, Бозрасии давлатии автомобилии вилоятҳо ва шаҳру ноҳияҳои Ҷумҳурии Тоҷикистон","Коғазӣ, электронӣ",Музднок
ВАЗОРАТИ КОРҲОИ ДОХИЛИИ ҶУМҲУРИИ ТОҶИКИСТОН,Гувоҳнома,138,000138,Гувоҳномаи истиқомат барои шаҳрвандони хориҷӣ ва шахсони бешаҳрванд,Шахсони воқеӣ,Хадамоти шиносномавию бақайдгирӣ,Хадамоти шиносномавию бақайдгирӣ,"Коғазӣ, электронӣ",Музднок
ВАЗОРАТИ КОРҲОИ ДОХИЛИИ ҶУМҲУРИИ ТОҶИКИСТОН,Гувоҳнома,139,000139,Гувоҳнома дар бораи хатми курсҳои таълимӣ оид ба тайёр кардан (бозомӯзӣ)-и ронандагони воситаҳои нақлиёт,Шахсони воқеӣ,"Раёсати бозрасии давлатии автомобилӣ, Бозрасии давлатии автомобилии вилоятҳо ва шаҳру ноҳияҳои Ҷумҳурии Тоҷикистон","Раёсати бозрасии давлатии автомобилӣ, Бозрасии давлатии автомобилии вилоятҳо ва шаҳру ноҳияҳои Ҷумҳурии Тоҷикистон","Коғазӣ, электронӣ",Музднок
ВАЗОРАТИ КОРҲОИ ДОХИЛИИ ҶУМҲУРИИ ТОҶИКИСТОН,Иҷозат (рухсатнома),153,000153,Иҷозат барои кашонидани одамон дар автомобилҳои боркаши платформаи бортдор,Шахсони воқеӣ,"Раёсати бозрасии давлатии автомобилӣ, Бозрасии давлатии автомобилии вилоятҳо ва шаҳру ноҳияҳои Ҷумҳурии Тоҷикистон","Раёсати бозрасии давлатии автомобилӣ, Бозрасии давлатии автомобилии вилоятҳо ва шаҳру ноҳияҳои Ҷумҳурии Тоҷикистон","Коғазӣ, электронӣ",Музднок
ВАЗОРАТИ КОРҲОИ ДОХИЛИИ ҶУМҲУРИИ ТОҶИКИСТОН,Иҷозат (рухсатнома),154,000154,Иҷозат барои ҷойгир намудани рекламаҳо дар нақлиётҳои мусофиркаш (таксӣ),Шахсони воқеӣ,"Раёсати бозрасии давлатии автомобилӣ, Бозрасии давлатии автомобилии вилоятҳо ва шаҳру ноҳияҳои Ҷумҳурии Тоҷикистон","Раёсати бозрасии давлатии автомобилӣ, Бозрасии давлатии автомобилии вилоятҳо ва шаҳру ноҳияҳои Ҷумҳурии Тоҷикистон","Коғазӣ, электронӣ",Музднок
ВАЗОРАТИ КОРҲОИ ДОХИЛИИ ҶУМҲУРИИ ТОҶИКИСТОН,Иҷозат (рухсатнома),161,000161,"Рухсатнома оид ба соҳиб шудан (харидан), нигоҳ доштан, гирифта гаштани силоҳ",Шахсони воқеӣ,Шуъбаҳои Вазорати корҳои дохилии Ҷумҳурии Тоҷикистон дар шаҳру ноҳияҳо,Шуъбаҳои Вазорати корҳои дохилии Ҷумҳурии Тоҷикистон дар шаҳру ноҳияҳо,"Коғазӣ, электронӣ",Музднок
ВАЗОРАТИ КОРҲОИ ДОХИЛИИ ҶУМҲУРИИ ТОҶИКИСТОН,Иҷозат (рухсатнома),162,000162,Иҷозати муваққатӣ барои идораи воситаи нақлиёт,Шахсони воқеӣ,"Раёсати бозрасии давлатии автомобилӣ, Бозрасии давлатии автомобилии вилоятҳо ва шаҳру ноҳияҳои Ҷумҳурии Тоҷикистон","Раёсати бозрасии давлатии автомобилӣ, Бозрасии давлатии автомобилии вилоятҳо ва шаҳру ноҳияҳои Ҷумҳурии Тоҷикистон","Коғазӣ, электронӣ",Музднок
ВАЗОРАТИ КОРҲОИ ДОХИЛИИ ҶУМҲУРИИ ТОҶИКИСТОН,Иҷозат (рухсатнома),163,000163,Иҷозат барои бо роҳи худомӯзӣ гирифтани ҳуқуқи идоракунии воситаи нақлиёт - дараҷаи «А»,Шахсони воқеӣ,"Раёсати бозрасии давлатии автомобилӣ, Бозрасии давлатии автомобилии вилоятҳо ва шаҳру ноҳияҳои Ҷумҳурии Тоҷикистон","Раёсати бозрасии давлатии автомобилӣ, Бозрасии давлатии автомобилии вилоятҳо ва шаҳру ноҳияҳои Ҷумҳурии Тоҷикистон","Коғазӣ, электронӣ",Музднок
ВАЗОРАТИ КОРҲОИ ДОХИЛИИ ҶУМҲУРИИ ТОҶИКИСТОН,Иҷозат (рухсатнома),164,000164,Иҷозат додан бо роҳи худомӯзӣ гирифтани ҳуқуқи идоракунии воситаи нақлиёт - дараҷаи «В»,Шахсони воқеӣ,"Раёсати бозрасии давлатии автомобилӣ, Бозрасии давлатии автомобилии вилоятҳо ва шаҳру ноҳияҳои Ҷумҳурии Тоҷикистон","Раёсати бозрасии давлатии автомобилӣ, Бозрасии давлатии автомобилии вилоятҳо ва шаҳру ноҳияҳои Ҷумҳурии Тоҷикистон","Коғазӣ, электронӣ",Музднок
ВАЗОРАТИ КОРҲОИ ДОХИЛИИ ҶУМҲУРИИ ТОҶИКИСТОН,Иҷозат (рухсатнома),165,000165,Рухсат додан ба ронадагони дорои категорияҳои «D» баҳри пайдо намудани ҳуқуқи идоракунии воситаҳои нақлиёти дараҷаи «С»,Шахсони воқеӣ,"Раёсати бозрасии давлатии автомобилӣ, Бозрасии давлатии автомобилии вилоятҳо ва шаҳру ноҳияҳои Ҷумҳурии Тоҷикистон","Раёсати бозрасии давлатии автомобилӣ, Бозрасии давлатии автомобилии вилоятҳо ва шаҳру ноҳияҳои Ҷумҳурии Тоҷикистон","Коғазӣ, электронӣ",Музднок
ВАЗОРАТИ КОРҲОИ ДОХИЛИИ ҶУМҲУРИИ ТОҶИКИСТОН,Иҷозат (рухсатнома),166,000166,"Рухсат додан ба ронадагони дорои категорияҳои «С», «D» ва «CD» баҳри пайдо намудани ҳуқуқи идоракунии воситаҳои нақлиёти дараҷаи «B»",Шахсони воқеӣ,"Раёсати бозрасии давлатии автомобилӣ, Бозрасии давлатии автомобилии вилоятҳо ва шаҳру ноҳияҳои Ҷумҳурии Тоҷикистон","Раёсати бозрасии давлатии автомобилӣ, Бозрасии давлатии автомобилии вилоятҳо ва шаҳру ноҳияҳои Ҷумҳурии Тоҷикистон","Коғазӣ, электронӣ",Музднок
ВАЗОРАТИ КОРҲОИ ДОХИЛИИ ҶУМҲУРИИ ТОҶИКИСТОН,Иҷозат (рухсатнома),167,000167,"Рухсат додан ба ронадагони дорои категорияҳои «B», «C», «D» ва «CD» баҳри пайдо намудани ҳуқуқи идоракунии воситаҳои нақлиёти дараҷаи «A»",Шахсони воқеӣ,"Раёсати бозрасии давлатии автомобилӣ, Бозрасии давлатии автомобилии вилоятҳо ва шаҳру ноҳияҳои Ҷумҳурии Тоҷикистон","Раёсати бозрасии давлатии автомобилӣ, Бозрасии давлатии автомобилии вилоятҳо ва шаҳру ноҳияҳои Ҷумҳурии Тоҷикистон","Коғазӣ, электронӣ",Музднок
ВАЗОРАТИ КОРҲОИ ДОХИЛИИ ҶУМҲУРИИ ТОҶИКИСТОН,Маълумотнома,168,000168,Маълумотнома дар бораи баромадан аз шаҳрвандии Ҷумҳурии Тоҷикистон,Шахсони воқеӣ,Хадамоти шиносномавию бақайдгирӣ,Хадамоти шиносномавию бақайдгирӣ,"Коғазӣ, электронӣ",Музднок
ВАЗОРАТИ КОРҲОИ ДОХИЛИИ ҶУМҲУРИИ ТОҶИКИСТОН,Маълумотнома,169,000169,Маълумотнома оид ба муайянкунии мансубият ба шаҳравандии Ҷумҳурии Тоҷикистон,Шахсони воқеӣ,Хадамоти шиносномавию бақайдгирӣ,Хадамоти шиносномавию бақайдгирӣ,"Коғазӣ, электронӣ",Музднок
ВАЗОРАТИ КОРҲОИ ДОХИЛИИ ҶУМҲУРИИ ТОҶИКИСТОН,Маълумотнома,170,000170,Маълумотнома дар бораи бақайдгирии давлатии дактилоскопӣ,Шахсони воқеӣ,Раёсати ташхиси (экспертӣ) криминалистӣ,Раёсати ташхиси (экспертӣ) криминалистӣ,"Коғазӣ, электронӣ",Музднок
ВАЗОРАТИ КОРҲОИ ДОХИЛИИ ҶУМҲУРИИ ТОҶИКИСТОН,Маълумотнома,172,000172,Маълумотнома оид ба доштан ё надоштани доғи судӣ,Шахсони воқеӣ,Вазорати корҳои дохилии Ҷумҳурии Тоҷикистон,Вазорати корҳои дохилии Ҷумҳурии Тоҷикистон,"Коғазӣ, электронӣ",Музднок
ВАЗОРАТИ КОРҲОИ ДОХИЛИИ ҶУМҲУРИИ ТОҶИКИСТОН,Маълумотнома,173,000173,Маълумотномаи бюрои суроғавӣ – маълумотдиҳӣ,Шахсони воқеӣ,Хадамоти шиносномавию бақайдгирӣ,Хадамоти шиносномавию бақайдгирӣ,"Коғазӣ, электронӣ",Музднок
ВАЗОРАТИ КОРҲОИ ДОХИЛИИ ҶУМҲУРИИ ТОҶИКИСТОН,Маълумотнома,176,000176,Маълумотнома аз ҷойи зист,Шахсони воқеӣ,"Хадамоти шиносномавию бақайдгирӣ, корхонаҳои воҳиди давлатии «Манзилхизмат-расон»-и шаҳру ноҳияҳо, ҷамоатҳои шаҳрак ва деҳот","Хадамоти шиносномавию бақайдгирӣ, корхонаҳои воҳиди давлатии «Манзилхизмат-расон»-и шаҳру ноҳияҳо, ҷамоатҳои шаҳрак ва деҳот","Коғазӣ, электронӣ",Музднок
ВАЗОРАТИ КОРҲОИ ДОХИЛИИ ҶУМҲУРИИ ТОҶИКИСТОН,Талон,185,000185,Талони бақайдгирии қайди қоидавайронкунии ҳаракат дар роҳ,Шахсони воқеӣ,"Раёсати бозрасии давлатии автомобилӣ, Бозрасии давлатии автомобилии вилоятҳо ва шаҳру ноҳияҳои Ҷумҳурии Тоҷикистон","Раёсати бозрасии давлатии автомобилӣ, Бозрасии давлатии автомобилии вилоятҳо ва шаҳру ноҳияҳои Ҷумҳурии Тоҷикистон","Коғазӣ, электронӣ",Музднок
ВАЗОРАТИ КОРҲОИ ДОХИЛИИ ҶУМҲУРИИ ТОҶИКИСТОН,Талон,186,000186,Талони қайди қоидавайронкунӣ ба шаҳодатномаи ронандагӣ,Шахсони воқеӣ,"Раёсати бозрасии давлатии автомобилӣ, Бозрасии давлатии автомобилии вилоятҳо ва шаҳру ноҳияҳои Ҷумҳурии Тоҷикистон","Раёсати бозрасии давлатии автомобилӣ, Бозрасии давлатии автомобилии вилоятҳо ва шаҳру ноҳияҳои Ҷумҳурии Тоҷикистон","Коғазӣ, электронӣ",Музднок
ВАЗОРАТИ КОРҲОИ ДОХИЛИИ ҶУМҲУРИИ ТОҶИКИСТОН,Талон,189,000189,"Талон барои муоинаи техникии мототсикл, ядак ва нимядак",Шахсони воқеӣ,"Раёсати бозрасии давлатии автомобилӣ, Бозрасии давлатии автомобилии вилоятҳо ва шаҳру ноҳияҳои Ҷумҳурии Тоҷикистон","Раёсати бозрасии давлатии автомобилӣ, Бозрасии давлатии автомобилии вилоятҳо ва шаҳру ноҳияҳои Ҷумҳурии Тоҷикистон","Коғазӣ, электронӣ",Музднок
ВАЗОРАТИ КОРҲОИ ДОХИЛИИ ҶУМҲУРИИ ТОҶИКИСТОН,Шаҳодатнома,235,000235,Шаҳодатномаи шахсони бешаҳрванд,Шахсони воқеӣ,Хадамоти шиносномавию бақайдгирӣ,Хадамоти шиносномавию бақайдгирӣ,"Коғазӣ, электронӣ",Музднок
ВАЗОРАТИ КОРҲОИ ДОХИЛИИ ҶУМҲУРИИ ТОҶИКИСТОН,Шаҳодатнома,236,000236,Шаҳодатномаи гуреза,Шахсони воқеӣ,Хадамоти шиносномавию бақайдгирӣ,Хадамоти шиносномавию бақайдгирӣ,"Коғазӣ, электронӣ",Музднок
ВАЗОРАТИ КОРҲОИ ДОХИЛИИ ҶУМҲУРИИ ТОҶИКИСТОН,Шаҳодатнома,237,000237,Шаҳодатномаи бақайдгирии воситаҳои нақлиёт дар ҳолати аз қайд баровардан,Шахсони воқеӣ,"Раёсати бозрасии давлатии автомобилӣ, Бозрасии давлатии автомобилии вилоятҳо ва шаҳру ноҳияҳои Ҷумҳурии Тоҷикистон","Раёсати бозрасии давлатии автомобилӣ, Бозрасии давлатии автомобилии вилоятҳо ва шаҳру ноҳияҳои Ҷумҳурии Тоҷикистон","Коғазӣ, электронӣ",Музднок
ВАЗОРАТИ КОРҲОИ ДОХИЛИИ ҶУМҲУРИИ ТОҶИКИСТОН,Шаҳодатнома,238,000238,Шаҳодатномаи ронандагии биометрӣ,Шахсони воқеӣ,"Раёсати бозрасии давлатии автомобилӣ, Бозрасии давлатии автомобилии вилоятҳо ва шаҳру ноҳияҳои Ҷумҳурии Тоҷикистон","Раёсати бозрасии давлатии автомобилӣ, Бозрасии давлатии автомобилии вилоятҳо ва шаҳру ноҳияҳои Ҷумҳурии Тоҷикистон","Коғазӣ, электронӣ",Музднок
ВАЗОРАТИ КОРҲОИ ДОХИЛИИ ҶУМҲУРИИ ТОҶИКИСТОН,Шаҳодатнома,239,000239,Шаҳодатномаи бақайдгирии воситаҳои нақлиёти намунаи байналмилалӣ,Шахсони воқеӣ,"Раёсати бозрасии давлатии автомобилӣ, Бозрасии давлатии автомобилии вилоятҳо ва шаҳру ноҳияҳои Ҷумҳурии Тоҷикистон","Раёсати бозрасии давлатии автомобилӣ, Бозрасии давлатии автомобилии вилоятҳо ва шаҳру ноҳияҳои Ҷумҳурии Тоҷикистон","Коғазӣ, электронӣ",Музднок
ВАЗОРАТИ КОРҲОИ ДОХИЛИИ ҶУМҲУРИИ ТОҶИКИСТОН,Шиноснома,240,000240,Шиносномаи шаҳрванди Ҷумҳурии Тоҷикистон,Шахсони воқеӣ,Хадамоти шиносномавию бақайдгирӣ дар шаҳру ноҳияҳо,Хадамоти шиносномавию бақайдгирӣ дар шаҳру ноҳияҳо,"Коғазӣ, электронӣ",Музднок
ВАЗОРАТИ КОРҲОИ ХОРИҶИИ ҶУМҲУРИИ ТОҶИКИСТОН,Бақайдгирӣ (азнавбақайдгирӣ),242,000242,Бақайдгирии шаҳрвандони хориҷӣ,Шахсони воқеӣ,Сарраёсати консулии Вазорати корҳои хориҷии Ҷумҳурии Тоҷикистон,Сарраёсати консулии Вазорати корҳои хориҷии Ҷумҳурии Тоҷикистон,"Коғазӣ, электронӣ",Музднок
ВАЗОРАТИ КОРҲОИ ХОРИҶИИ ҶУМҲУРИИ ТОҶИКИСТОН,Бақайдгирӣ (азнавбақайдгирӣ),243,000243,Ба шиносномаи хориҷии шаҳрванди Ҷумҳурии Тоҷикистон ворид намудани навиштаҷоти дорои хусусияти ҳуқуқӣ,Шахсони воқеӣ,Сарраёсати консулии Вазорати корҳои хориҷии Ҷумҳурии Тоҷикистон,Сарраёсати консулии Вазорати корҳои хориҷии Ҷумҳурии Тоҷикистон,"Коғазӣ, электронӣ",Музднок
ВАЗОРАТИ КОРҲОИ ХОРИҶИИ ҶУМҲУРИИ ТОҶИКИСТОН,Иҷозат,244,000244,Иҷозати вуруд ба минтақаи сарҳадӣ ба шаҳрвандони хориҷӣ ва шахсони бешаҳрванд,Шахсони воқеӣ,"Вазорати корҳои хориҷии Ҷумҳурии Тоҷикистон ва намояндагиҳои он дар қаламрави Ҷумҳурии Тоҷикистон, муассисаҳои хориҷии Ҷумҳурии Тоҷикистон, Хадамоти шиносномавию бақайдгирии Вазорати корҳои дохилии Ҷумҳурии Тоҷикистон","Вазорати корҳои хориҷии Ҷумҳурии Тоҷикистон ва намояндагиҳои он дар қаламрави Ҷумҳурии Тоҷикистон, муассисаҳои хориҷии Ҷумҳурии Тоҷикистон, Хадамоти шиносномавию бақайдгирии Вазорати корҳои дохилии Ҷумҳурии Тоҷикистон","Коғазӣ, электронӣ",Музднок
ВАЗОРАТИ КОРҲОИ ХОРИҶИИ ҶУМҲУРИИ ТОҶИКИСТОН,Раводид,248,000248,Раводиди дипломатии навъи «Д»,Шахсони воқеӣ,Сарраёсати консулии Вазорати корҳои хориҷии Ҷумҳурии Тоҷикистон ва муассисаҳои хориҷии Ҷумҳурии Тоҷикистон,Сарраёсати консулии Вазорати корҳои хориҷии Ҷумҳурии Тоҷикистон ва муассисаҳои хориҷии Ҷумҳурии Тоҷикистон,"Коғазӣ, электронӣ",Музднок
ВАЗОРАТИ КОРҲОИ ХОРИҶИИ ҶУМҲУРИИ ТОҶИКИСТОН,Раводид,249,000249,Раводиди хизматии навъи «X»,Шахсони воқеӣ,Сарраёсати консулии Вазорати корҳои хориҷии Ҷумҳурии Тоҷикистон ва муассисаҳои хориҷии Ҷумҳурии Тоҷикистон,Сарраёсати консулии Вазорати корҳои хориҷии Ҷумҳурии Тоҷикистон ва муассисаҳои хориҷии Ҷумҳурии Тоҷикистон,"Коғазӣ, электронӣ",Музднок
ВАЗОРАТИ КОРҲОИ ХОРИҶИИ ҶУМҲУРИИ ТОҶИКИСТОН,Раводид,250,000250,Раводиди сармоягузории навъи «С»,Шахсони воқеӣ,Сарраёсати консулии Вазорати корҳои хориҷии Ҷумҳурии Тоҷикистон ва муассисаҳои хориҷии Ҷумҳурии Тоҷикистон,Сарраёсати консулии Вазорати корҳои хориҷии Ҷумҳурии Тоҷикистон ва муассисаҳои хориҷии Ҷумҳурии Тоҷикистон,"Коғазӣ, электронӣ",Музднок
ВАЗОРАТИ КОРҲОИ ХОРИҶИИ ҶУМҲУРИИ ТОҶИКИСТОН,Раводид,251,000251,Раводиди кории навъи «К»,Шахсони воқеӣ,Сарраёсати консулии Вазорати корҳои хориҷии Ҷумҳурии Тоҷикистон ва муассисаҳои хориҷии Ҷумҳурии Тоҷикистон,Сарраёсати консулии Вазорати корҳои хориҷии Ҷумҳурии Тоҷикистон ва муассисаҳои хориҷии Ҷумҳурии Тоҷикистон,"Коғазӣ, электронӣ",Музднок
ВАЗОРАТИ КОРҲОИ ХОРИҶИИ ҶУМҲУРИИ ТОҶИКИСТОН,Раводид,252,000252,Раводиди меҳнатии навъи «М»,Шахсони воқеӣ,Сарраёсати консулии Вазорати корҳои хориҷии Ҷумҳурии Тоҷикистон ва муассисаҳои хориҷии Ҷумҳурии Тоҷикистон,Сарраёсати консулии Вазорати корҳои хориҷии Ҷумҳурии Тоҷикистон ва муассисаҳои хориҷии Ҷумҳурии Тоҷикистон,"Коғазӣ, электронӣ",Музднок
ВАЗОРАТИ КОРҲОИ ХОРИҶИИ ҶУМҲУРИИ ТОҶИКИСТОН,Раводид,253,000253,Раводиди сайёҳии навъи «Т»,Шахсони воқеӣ,Сарраёсати консулии Вазорати корҳои хориҷии Ҷумҳурии Тоҷикистон ва муассисаҳои хориҷии Ҷумҳурии Тоҷикистон,Сарраёсати консулии Вазорати корҳои хориҷии Ҷумҳурии Тоҷикистон ва муассисаҳои хориҷии Ҷумҳурии Тоҷикистон,"Коғазӣ, электронӣ",Музднок
ВАЗОРАТИ КОРҲОИ ХОРИҶИИ ҶУМҲУРИИ ТОҶИКИСТОН,Раводид,254,000254,Раводиди таҳсилотии навъи «О1»,Шахсони воқеӣ,Сарраёсати консулии Вазорати корҳои хориҷии Ҷумҳурии Тоҷикистон ва муассисаҳои хориҷии Ҷумҳурии Тоҷикистон,Сарраёсати консулии Вазорати корҳои хориҷии Ҷумҳурии Тоҷикистон ва муассисаҳои хориҷии Ҷумҳурии Тоҷикистон,"Коғазӣ, электронӣ",Музднок
ВАЗОРАТИ КОРҲОИ ХОРИҶИИ ҶУМҲУРИИ ТОҶИКИСТОН,Раводид,255,000255,Раводиди таҳсилотии навъи «О2»,Шахсони воқеӣ,Сарраёсати консулии Вазорати корҳои хориҷии Ҷумҳурии Тоҷикистон ва муассисаҳои хориҷии Ҷумҳурии Тоҷикистон,Сарраёсати консулии Вазорати корҳои хориҷии Ҷумҳурии Тоҷикистон ва муассисаҳои хориҷии Ҷумҳурии Тоҷикистон,"Коғазӣ, электронӣ",Музднок
ВАЗОРАТИ КОРҲОИ ХОРИҶИИ ҶУМҲУРИИ ТОҶИКИСТОН,Раводид,256,000256,Раводиди хусусии навъи «ХС1»,Шахсони воқеӣ,Сарраёсати консулии Вазорати корҳои хориҷии Ҷумҳурии Тоҷикистон ва муассисаҳои хориҷии Ҷумҳурии Тоҷикистон,Сарраёсати консулии Вазорати корҳои хориҷии Ҷумҳурии Тоҷикистон ва муассисаҳои хориҷии Ҷумҳурии Тоҷикистон,"Коғазӣ, электронӣ",Музднок
ВАЗОРАТИ КОРҲОИ ХОРИҶИИ ҶУМҲУРИИ ТОҶИКИСТОН,Раводид,257,000257,Раводиди хусусии навъи «ХС2»,Шахсони воқеӣ,Сарраёсати консулии Вазорати корҳои хориҷии Ҷумҳурии Тоҷикистон ва муассисаҳои хориҷии Ҷумҳурии Тоҷикистон,Сарраёсати консулии Вазорати корҳои хориҷии Ҷумҳурии Тоҷикистон ва муассисаҳои хориҷии Ҷумҳурии Тоҷикистон,"Коғазӣ, электронӣ",Музднок
ВАЗОРАТИ КОРҲОИ ХОРИҶИИ ҶУМҲУРИИ ТОҶИКИСТОН,Раводид,258,000258,Раводиди хусусии навъи «ХСЗ»,Шахсони воқеӣ,Сарраёсати консулии Вазорати корҳои хориҷии Ҷумҳурии Тоҷикистон ва муассисаҳои хориҷии Ҷумҳурии Тоҷикистон,Сарраёсати консулии Вазорати корҳои хориҷии Ҷумҳурии Тоҷикистон ва муассисаҳои хориҷии Ҷумҳурии Тоҷикистон,"Коғазӣ, электронӣ",Музднок
ВАЗОРАТИ КОРҲОИ ХОРИҶИИ ҶУМҲУРИИ ТОҶИКИСТОН,Раводид,259,000259,Раводиди минтақаи озоди иқтисодии навъи «МОИ»,Шахсони воқеӣ,Сарраёсати консулии Вазорати корҳои хориҷии Ҷумҳурии Тоҷикистон ва муассисаҳои хориҷии Ҷумҳурии Тоҷикистон,Сарраёсати консулии Вазорати корҳои хориҷии Ҷумҳурии Тоҷикистон ва муассисаҳои хориҷии Ҷумҳурии Тоҷикистон,"Коғазӣ, электронӣ",Музднок
ВАЗОРАТИ КОРҲОИ ХОРИҶИИ ҶУМҲУРИИ ТОҶИКИСТОН,Раводид,260,000260,Раводиди нақлиётии навъи «Н»,Шахсони воқеӣ,Сарраёсати консулии Вазорати корҳои хориҷии Ҷумҳурии Тоҷикистон ва муассисаҳои хориҷии Ҷумҳурии Тоҷикистон,Сарраёсати консулии Вазорати корҳои хориҷии Ҷумҳурии Тоҷикистон ва муассисаҳои хориҷии Ҷумҳурии Тоҷикистон,"Коғазӣ, электронӣ",Музднок
ВАЗОРАТИ КОРҲОИ ХОРИҶИИ ҶУМҲУРИИ ТОҶИКИСТОН,Раводид,261,000261,Раводид барои истиқомати доимии навъи «ИД»,Шахсони воқеӣ,Сарраёсати консулии Вазорати корҳои хориҷии Ҷумҳурии Тоҷикистон ва муассисаҳои хориҷии Ҷумҳурии Тоҷикистон,Сарраёсати консулии Вазорати корҳои хориҷии Ҷумҳурии Тоҷикистон ва муассисаҳои хориҷии Ҷумҳурии Тоҷикистон,"Коғазӣ, электронӣ",Музднок
ВАЗОРАТИ КОРҲОИ ХОРИҶИИ ҶУМҲУРИИ ТОҶИКИСТОН,Раводид,262,000262,Раводиди воситаҳои ахбори омма барои навъи «Ж»,Шахсони воқеӣ,Сарраёсати консулии Вазорати корҳои хориҷии Ҷумҳурии Тоҷикистон ва муассисаҳои хориҷии Ҷумҳурии Тоҷикистон,Сарраёсати консулии Вазорати корҳои хориҷии Ҷумҳурии Тоҷикистон ва муассисаҳои хориҷии Ҷумҳурии Тоҷикистон,"Коғазӣ, электронӣ",Музднок
ВАЗОРАТИ КОРҲОИ ХОРИҶИИ ҶУМҲУРИИ ТОҶИКИСТОН,Раводид,263,000263,Раводиди табширии навъи «ТБ»,Шахсони воқеӣ,Сарраёсати консулии Вазорати корҳои хориҷии Ҷумҳурии Тоҷикистон ва муассисаҳои хориҷии Ҷумҳурии Тоҷикистон,Сарраёсати консулии Вазорати корҳои хориҷии Ҷумҳурии Тоҷикистон ва муассисаҳои хориҷии Ҷумҳурии Тоҷикистон,"Коғазӣ, электронӣ",Музднок
ВАЗОРАТИ КОРҲОИ ХОРИҶИИ ҶУМҲУРИИ ТОҶИКИСТОН,Раводид,264,000264,Раводиди башардӯстонаи навъи «Б»,Шахсони воқеӣ,Сарраёсати консулии Вазорати корҳои хориҷии Ҷумҳурии Тоҷикистон ва муассисаҳои хориҷии Ҷумҳурии Тоҷикистон,Сарраёсати консулии Вазорати корҳои хориҷии Ҷумҳурии Тоҷикистон ва муассисаҳои хориҷии Ҷумҳурии Тоҷикистон,"Коғазӣ, электронӣ",Музднок
ВАЗОРАТИ КОРҲОИ ХОРИҶИИ ҶУМҲУРИИ ТОҶИКИСТОН,Раводид,265,000265,Раводиди хуруҷии навъи «Хуруҷӣ»,Шахсони воқеӣ,Сарраёсати консулии Вазорати корҳои хориҷии Ҷумҳурии Тоҷикистон ва муассисаҳои хориҷии Ҷумҳурии Тоҷикистон,Сарраёсати консулии Вазорати корҳои хориҷии Ҷумҳурии Тоҷикистон ва муассисаҳои хориҷии Ҷумҳурии Тоҷикистон,"Коғазӣ, электронӣ",Ройгон
ВАЗОРАТИ КОРҲОИ ХОРИҶИИ ҶУМҲУРИИ ТОҶИКИСТОН,Раводид,266,000266,Раводиди транзитии навъи «ТР»,Шахсони воқеӣ,Сарраёсати консулии Вазорати корҳои хориҷии Ҷумҳурии Тоҷикистон ва муассисаҳои хориҷии Ҷумҳурии Тоҷикистон,Сарраёсати консулии Вазорати корҳои хориҷии Ҷумҳурии Тоҷикистон ва муассисаҳои хориҷии Ҷумҳурии Тоҷикистон,"Коғазӣ, электронӣ",Ройгон
ВАЗОРАТИ КОРҲОИ ХОРИҶИИ ҶУМҲУРИИ ТОҶИКИСТОН,Шаҳодатнома,268,000268,Шаҳодатномаи бозгашт ба Ҷумҳурии Тоҷикистон,Шахсони воқеӣ,Сарраёсати консулии Вазорати корҳои хориҷии Ҷумҳурии Тоҷикистон,"Сарраёсати консулии Вазорати корҳои хориҷии Ҷумҳурии Тоҷикистон, консулгариҳои Ҷумҳурии Тоҷикистон дар давлатҳои хориҷӣ, Хадамоти шиносномавию бақайдгирӣ дар шаҳру ноҳияҳо","Коғазӣ, электронӣ",Музднок
ВАЗОРАТИ КОРҲОИ ХОРИҶИИ ҶУМҲУРИИ ТОҶИКИСТОН,Шиноснома,269,000269,Шиносномаи дипломатии шаҳрванди Ҷумҳурии Тоҷикистон,Шахсони воқеӣ,Сарраёсати консулии Вазорати корҳои хориҷии Ҷумҳурии Тоҷикистон,Сарраёсати консулии Вазорати корҳои хориҷии Ҷумҳурии Тоҷикистон,"Коғазӣ, электронӣ",Музднок
ВАЗОРАТИ КОРҲОИ ХОРИҶИИ ҶУМҲУРИИ ТОҶИКИСТОН,Шиноснома,270,000270,Шиносномаи хизматии шаҳрванди Ҷумҳурии Тоҷикистон,Шахсони воқеӣ,Сарраёсати консулии Вазорати корҳои хориҷии Ҷумҳурии Тоҷикистон,Сарраёсати консулии Вазорати корҳои хориҷии Ҷумҳурии Тоҷикистон,"Коғазӣ, электронӣ",Музднок
ВАЗОРАТИ КОРҲОИ ХОРИҶИИ ҶУМҲУРИИ ТОҶИКИСТОН,Шиноснома,271,000271,Шиносномаи умумишаҳрвандии хориҷии шаҳрванди Ҷумҳурии Тоҷикистон,Шахсони воқеӣ,Сарраёсати консулии Вазорати корҳои хориҷии Ҷумҳурии Тоҷикистон,"Сарраёсати консулии Вазорати корҳои хориҷии Ҷумҳурии Тоҷикистон, консулгариҳои Ҷумҳурии Тоҷикистон дар давлатҳои хориҷӣ, Хадамоти шиносномавию бақайдгирӣ дар шаҳру ноҳияҳо","Коғазӣ, электронӣ",Музднок
ВАЗОРАТИ МАОРИФ ВА ИЛМИ ҶУМҲУРИИ ТОҶИКИСТОН,Аттестат,272,000272,Аттестат (шаҳодатнома) дар бораи таҳсилоти умумии асосӣ,Шахсони воқеӣ,Муассисаҳои таълимии таҳсилоти умумии асосӣ,Муассисаҳои таълимии таҳсилоти умумии асосӣ,"Коғазӣ, электронӣ",Музднок
ВАЗОРАТИ МАОРИФ ВА ИЛМИ ҶУМҲУРИИ ТОҶИКИСТОН,Аттестат,273,000273,Аттестат (шаҳодатнома) дар бораи таҳсилоти миёнаи умумӣ,Шахсони воқеӣ,Муассисаҳои таълимии таҳсилоти миёнаи умумӣ,Муассисаҳои таълимии таҳсилоти миёнаи умумӣ,"Коғазӣ, электронӣ",Музднок
ВАЗОРАТИ МАОРИФ ВА ИЛМИ ҶУМҲУРИИ ТОҶИКИСТОН,Диплом,274,000274,"Диплом дар бораи таҳсилоти олии касбӣ (бакалавр, мутахассис, магистр)",Шахсони воқеӣ,Муассисаҳои таълимии таҳсилоти олии касбӣ,Муассисаҳои таълимии таҳсилоти олии касбӣ,"Коғазӣ, электронӣ",Музднок
ВАЗОРАТИ МАОРИФ ВА ИЛМИ ҶУМҲУРИИ ТОҶИКИСТОН,Шаҳодатнома,275,000275,"Шаҳодатнома (диплом, аттестат, тасдиқнома, сертификат) дар бораи такмили ихтисос ва бозомӯзӣ",Шахсони воқеӣ,Муассисаҳои давлатии таълимӣ,Муассисаҳои давлатии таълимӣ,"Коғазӣ, электронӣ",Музднок
"ВАЗОРАТИ МЕҲНАТ, МУҲОҶИРАТ ВА ШУҒЛИ АҲОЛИИ ҶУМҲУРИИ ТОҶИКИСТОН",Иҷозат,278,000278,"Иҷозат барои кор ба шаҳрвандони хориҷӣ ва шахсони бешаҳрванд, ки дар Ҷумҳурии Тоҷикистон фаъолияти меҳнатиро амалӣ менамоянд",Шахсони воқеӣ,Хадамоти муҳоҷират,Хадамоти муҳоҷират,"Коғазӣ, электронӣ",Музднок
ВАЗОРАТИ МОЛИЯИ ҶУМҲУРИИ ТОҶИКИСТОН,Иҷозат,299,000299,Иҷозат барои истихроҷи канданиҳои фоиданоки пошхӯрда бо усули худфаъолӣ ва худбиёрӣ,Шахсони воқеӣ,Вазорати молияи Ҷумҳурии Тоҷикистон,Раёсатҳои Вазорати молияи Ҷумҳурии Тоҷикистон дар шаҳру ноҳияҳо,"Коғазӣ, электронӣ",Музднок
ВАЗОРАТИ МОЛИЯИ ҶУМҲУРИИ ТОҶИКИСТОН,Сертификат,317,000317,Сертификати муҳосиби касбӣ (барои сармуҳосибони субъектҳои дорои манфиати умум),Шахсони воқеӣ,Вазорати молияи Ҷумҳурии Тоҷикистон,Вазорати молияи Ҷумҳурии Тоҷикистон,"Коғазӣ, электронӣ",Музднок
ВАЗОРАТИ МОЛИЯИ ҶУМҲУРИИ ТОҶИКИСТОН,Шаҳодатнома,329,000329,Шаҳодатномаи тахассусии аудиторӣ,Шахсони воқеӣ,Вазорати молияи Ҷумҳурии Тоҷикистон,Вазорати молияи Ҷумҳурии Тоҷикистон,"Коғазӣ, электронӣ",Музднок
ВАЗОРАТИ НАҚЛИЁТИ ҶУМҲУРИИ ТОҶИКИСТОН,Варақаҳо,332,000332,Варақаи хатсайр,Шахсони воқеӣ,Хадамоти давлатии назорат ва танзим дар соҳаи нақлиёт,Хадамоти давлатии назорат ва танзим дар соҳаи нақлиёт,"Коғазӣ, электронӣ",Музднок
ВАЗОРАТИ НАҚЛИЁТИ ҶУМҲУРИИ ТОҶИКИСТОН,Варақаҳо,333,000333,Варақаи реҷаи корӣ ва истироҳати ронанда,Шахсони воқеи,Хадамоти давлатии назорат ва танзим дар соҳаи нақлиёт,Хадамоти давлатии назорат ва танзим дар соҳаи нақлиёт,"Коғазӣ, электронӣ",Музднок
ВАЗОРАТИ НАҚЛИЁТИ ҶУМҲУРИИ ТОҶИКИСТОН,Варақаҳо,336,000336,Варақаи корти тахограф барои ронандагони автомобилҳои боркаши байналмиллалӣ,Шахси воқеӣ,Муассисаи давлатии «Нақлиёти автомобилӣ ва хизматрасонии логистикӣ»,Муассисаи давлатии «Нақлиёти автомобилӣ ва хизматрасонии логистикӣ»,"Коғазӣ, электронӣ",Музднок
ВАЗОРАТИ НАҚЛИЁТИ ҶУМҲУРИИ ТОҶИКИСТОН,Иҷозат (Рухсатнома),364,000364,Иҷозати махсус барои ҳаракати воситаҳои нақлиёти автомобилӣ бо борҳои вазнин ва калонҳаҷми тақсимнашаванда,Шахсони воқеӣ,Хадамоти давлатии назорат ва танзим дар соҳаи нақлиёт,Хадамоти давлатии назорат ва танзим дар соҳаи нақлиёт,"Коғазӣ, электронӣ",Музднок
ВАЗОРАТИ ТАНДУРУСТӢ ВА ҲИФЗИ ИҶТИМОИИ АҲОЛИИ ҶУМҲУРИИ ТОҶИКИСТОН,Дафтарча,432,000432,Дафтарчаи шахсии тиббӣ,Шахсони воқеӣ,"Хадамоти назорати давлатии санитарию эпидемологӣ ва шахсони ҳуқуқие, ки мутобиқи қонунгузории Ҷумҳурии Тоҷикистон хизматрасониҳои давлатиро амалӣ менамоянд","Хадамоти назорати давлатии санитарию эпидемологӣ ва шахсони ҳуқуқие, ки мутобиқи қонунгузории Ҷумҳурии Тоҷикистон хизматрасониҳои давлатиро амалӣ менамоянд","Коғазӣ, электронӣ",Музднок
ВАЗОРАТИ ТАНДУРУСТӢ ВА ҲИФЗИ ИҶТИМОИИ АҲОЛИИ ҶУМҲУРИИ ТОҶИКИСТОН,Маълумотнома,447,000447,Маълумотнома дар бораи ҳайати оила,Шахсони воқеӣ,"Ҷамоатҳои шаҳрак ва деҳот, бахшҳои ҳифзи иҷтимоии аҳолии шаҳру ноҳияҳо","Ҷамоатҳои шаҳрак ва деҳот, бахшҳои ҳифзи иҷтимоии аҳолии шаҳру ноҳияҳо","Коғазӣ, электронӣ",Ройгон
ВАЗОРАТИ ТАНДУРУСТӢ ВА ҲИФЗИ ИҶТИМОИИ АҲОЛИИ ҶУМҲУРИИ ТОҶИКИСТОН,Маълумотнома,448,000448,Маълумот дар бораи даромад ва молу мулки ҳамаи аъзои оила,Шахсони воқеӣ,"Ҷамоатҳои шаҳрак ва деҳот, бахшҳои ҳифзи иҷтимоии аҳолии шаҳру ноҳияҳо","Ҷамоатҳои шаҳрак ва деҳот, бахшҳои ҳифзи иҷтимоии аҳолии шаҳру ноҳияҳо","Коғазӣ, электронӣ",Ройгон
ВАЗОРАТИ ТАНДУРУСТӢ ВА ҲИФЗИ ИҶТИМОИИ АҲОЛИИ ҶУМҲУРИИ ТОҶИКИСТОН,Сертификат,456,000456,Сертификати мутахассис барои машғул шудан ба фаъолияти тиббӣ,Шахсони воқеӣ,Вазорати тандурустӣ ва ҳифзи иҷтимоии аҳолии Ҷумҳурии Тоҷикистон,Вазорати тандурустӣ ва ҳифзи иҷтимоии аҳолии Ҷумҳурии Тоҷикистон,"Коғазӣ, электронӣ",Музднок
ВАЗОРАТИ ТАНДУРУСТӢ ВА ҲИФЗИ ИҶТИМОИИ АҲОЛИИ ҶУМҲУРИИ ТОҶИКИСТОН,Хулоса,460,000460,"Хулоса аз натиҷаи экспертизаи корношоямии муваққатӣ, тӯлонӣ ё доимӣ",Шахсони воқеӣ,Муассисаҳои тиббии беморхонавӣ ва кӯмаки аввалияи тиббию санитарӣ,Муассисаҳои тиббии беморхонавӣ ва кӯмаки аввалияи тиббию санитарӣ,"Коғазӣ, электронӣ",Музднок
ВАЗОРАТИ ТАНДУРУСТӢ ВА ҲИФЗИ ИҶТИМОИИ АҲОЛИИ ҶУМҲУРИИ ТОҶИКИСТОН,Хулоса,461,000461,Хулоса аз натиҷаи экспертизаи коршоямии касбӣ ва экспертизаи алоқамандии беморӣ бо касбият,Шахсони воқеӣ,Муассисаҳои тиббии беморхонавӣ ва кӯмаки аввалияи тиббию санитарӣ,Муассисаҳои тиббии беморхонавӣ ва кӯмаки аввалияи тиббию санитарӣ,"Коғазӣ, электронӣ",Музднок
ВАЗОРАТИ ТАНДУРУСТӢ ВА ҲИФЗИ ИҶТИМОИИ АҲОЛИИ ҶУМҲУРИИ ТОҶИКИСТОН,Хулоса,462,000462,Хулоса аз натиҷаи экспертизаи тиббию иҷтимоии бемориҳои касбӣ,Шахсони воқеӣ,"Хадамоти давлатии ташхиси тиббию иҷтимоӣ, шуъбаҳои Хадамоти давлатии экспертизаи тиббию иҷтимоии Вилояти Мухтори Кӯҳистони Бадахшон, вилоятҳои Хатлон, Суғд ва шаҳру ноҳияҳо","Хадамоти давлатии ташхиси тиббию иҷтимоӣ, шуъбаҳои Хадамоти давлатии экспертизаи тиббию иҷтимоии Вилояти Мухтори Кӯҳистони Бадахшон, вилоятҳои Хатлон, Суғд ва шаҳру ноҳияҳо","Коғазӣ, электронӣ",Музднок
ВАЗОРАТИ ТАНДУРУСТӢ ВА ҲИФЗИ ИҶТИМОИИ АҲОЛИИ ҶУМҲУРИИ ТОҶИКИСТОН,Хулоса,463,000463,"Хулоса аз натиҷаи экспертизаи судию тиббӣ, судию равонӣ ва судию наркологӣ",Шахсони воқеӣ,"Муассисаҳои давлатии «Марказҳои ҷумҳуриявии эксперизаи суддию тиббӣ», «Беморхонаи ҷумҳуриявии килиникии бемориҳои равонӣ» ва «Маркази ҷумҳуриявии клиникии равоншиносӣ»","Муассисаҳои давлатии «Марказҳои ҷумҳуриявии эксперизаи суддию тиббӣ», «Беморхонаи ҷумҳуриявии килиникии бемориҳои равонӣ» ва «Маркази ҷумҳуриявии клиникии равоншиносӣ»","Коғазӣ, электронӣ",Музднок
ВАЗОРАТИ ТАНДУРУСТӢ ВА ҲИФЗИ ИҶТИМОИИ АҲОЛИИ ҶУМҲУРИИ ТОҶИКИСТОН,Хулоса,464,000464,Хулоса экспертизаи илмии тиббӣ ба нашрияи китобҳои илмию таълимии тиббӣ ва фармасевтӣ,Шахсони воқеӣ,Вазорати тандурустӣ ва ҳифзи иҷтимоии аҳолии Ҷумҳурии Тоҷикистон,Вазорати тандурустӣ ва ҳифзи иҷтимоии аҳолии Ҷумҳурии Тоҷикистон,"Коғазӣ, электронӣ",Музднок
ВАЗОРАТИ ФАРҲАНГИ ҶУМҲУРИИ ТОҶИКИСТОН,Шаҳодатнома,473,000473,Шаҳодатномаҳои бақайдгирии ҳуқуқҳои вобаста ба он,Шахсони воқеӣ,Вазорати фарҳанги Ҷумҳурии Тоҷикистон,Вазорати фарҳанги Ҷумҳурии Тоҷикистон,"Коғазӣ, электронӣ",Музднок
ВАЗОРАТИ ФАРҲАНГИ ҶУМҲУРИИ ТОҶИКИСТОН,Шаҳодатнома,474,000474,Шаҳодатномаи муаллифӣ ба асари нашршуда ё нашрнашуда,Шахсони воқеӣ,Вазорати фарҳанги Ҷумҳурии Тоҷикистон,Вазорати фарҳанги Ҷумҳурии Тоҷикистон,"Коғазӣ, электронӣ",Музднок
КУМИТА ОИД БА ТАҲСИЛОТИ ИБТИДОӢ ВА МИЁНАИ КАСБИИ НАЗДИ ҲУКУМАТИ ҶУМҲУРИИ ТОҶИКИСТОН,Сертификат,525,000525,Сертификат оид ба омӯзиши курсҳои кӯтоҳмуддат,Шахсони воқеӣ,Кумита оид ба таҳсилоти ибтидоӣ ва миёнаи касбии назди Ҳукумати Ҷумҳурии Тоҷикистон,Кумита оид ба таҳсилоти ибтидоӣ ва миёнаи касбии назди Ҳукумати Ҷумҳурии Тоҷикистон,"Коғазӣ, электронӣ",Музднок
КУМИТА ОИД БА ТАҲСИЛОТИ ИБТИДОӢ ВА МИЁНАИ КАСБИИ НАЗДИ ҲУКУМАТИ ҶУМҲУРИИ ТОҶИКИСТОН,Шаҳодатнома,526,526,"Шаҳодатнома дар бораи касб (дараҷа, синф, гурўҳ)",Шахсони воқеӣ,Муассисаҳои таҳсилоти ибтидоӣ ва миёнаи касбӣ,Муассисаҳои таҳсилоти ибтидоӣ ва миёнаи касбӣ,"Коғазӣ, электронӣ",Музднок
КУМИТАИ АНДОЗИ НАЗДИ ҲУКУМАТИ ҶУМҲУРИИ ТОҶИКИСТОН,Баҳисобгирӣ,527,000527,Баҳисобгирии шахсони воқеӣ (шаҳодатнома дар бораи баҳисобгирии рақами мушаххаси андозсупоранда),Шахсони воқеӣ,Бахшҳои бақайдгирии давлатии шахсони ҳуқуқӣ ва соҳибкорони инфиродӣ дар шаҳру ноҳияҳо,Бахшҳои бақайдгирии давлатии шахсони ҳуқуқӣ ва соҳибкорони инфиродӣ дар шаҳру ноҳияҳо,"Коғазӣ, электронӣ",Ройгон
КУМИТАИ АНДОЗИ НАЗДИ ҲУКУМАТИ ҶУМҲУРИИ ТОҶИКИСТОН,Маълумот,534,000534,Маълумот оид ба қабул намудани эъломияҳо (ҳисоботҳо)-и андоз оид ба даромад ва вазъи молу мулки хизматчии давлатӣ ва дохил намудани маълумот ба барномаи системаи иттилоотии андоз,Шахсони воқеӣ,Нозиротҳои андоз дар шаҳрҳо ва ноҳияҳо,Нозиротҳои андоз дар шаҳрҳо ва ноҳияҳо,Электронӣ,Ройгон
КУМИТАИ АНДОЗИ НАЗДИ ҲУКУМАТИ ҶУМҲУРИИ ТОҶИКИСТОН,Маълумот,536,000536,Маълумотнома ба андозсупорандагон дар бораи мавҷуд набудани қарзи андозҳо аз молу мулки ғайриманқул ва андоз аз воситаҳои нақлиёт,Шахсони воқеӣ,Нозиротҳои андоз дар шаҳрҳо ва ноҳияҳо,Нозиротҳои андоз дар шаҳрҳо ва ноҳияҳо,"Коғазӣ, электронӣ",Ройгон
КУМИТАИ АНДОЗИ НАЗДИ ҲУКУМАТИ ҶУМҲУРИИ ТОҶИКИСТОН,Маълумот,537,000537,Маълумотнома дар бораи пардохти андоз аз даромад ва андози иҷтимоӣ бо мақсади таъмини ҳифзи иҷтимоии соҳибкорони инфиродӣ,Шахсони воқеӣ,Нозиротҳои андоз дар шаҳрҳо ва ноҳияҳо,Нозиротҳои андоз дар шаҳрҳо ва ноҳияҳо,"Коғазӣ, электронӣ",Ройгон
КУМИТАИ АНДОЗИ НАЗДИ ҲУКУМАТИ ҶУМҲУРИИ ТОҶИКИСТОН,Маълумот,538,000538,Маълумотнома ба ғайрирезидент оид ба даромадҳои дар Ҷумҳурии Тоҷикистон гирифташуда ва андозҳои нигоҳдошташуда,Шахсони воқеӣ,Нозиротҳои андоз дар шаҳрҳо ва ноҳияҳо,Нозиротҳои андоз дар шаҳрҳо ва ноҳияҳо,"Коғазӣ, электронӣ",Ройгон
КУМИТАИ БЕХАТАРИИ ОЗУҚАВОРИИ НАЗДИ ҲУКУМАТИ ҶУМҲУРИИ ТОҶИКИСТОН,Иҷозатнома,555,000555,"Иҷозатнома оид ба фаъолияти хусусии табобатӣ-пешгирикунӣ, ҷарроҳӣ, акушерӣ-гинекологӣ",Шахсони воқеӣ,Кумитаи бехатарии озуқавории назди Ҳукумати Ҷумҳурии Тоҷикистон,Кумитаи бехатарии озуқавории назди Ҳукумати Ҷумҳурии Тоҷикистон,"Коғазӣ, электронӣ",Музднок
КУМИТАИ БЕХАТАРИИ ОЗУҚАВОРИИ НАЗДИ ҲУКУМАТИ ҶУМҲУРИИ ТОҶИКИСТОН,Иҷозатнома,556,000556,Иҷозатнома оид ба фаъолияти вобаста ба истеҳсол ва фурӯши маводи биологии байторӣ ва воситаҳои дорувории таъиноти байторӣ,Шахсони воқеӣ,Кумитаи бехатарии озуқавории назди Ҳукумати Ҷумҳурии Тоҷикистон,Кумитаи бехатарии озуқавории назди Ҳукумати Ҷумҳурии Тоҷикистон,"Коғазӣ, электронӣ",Музднок
КУМИТАИ БЕХАТАРИИ ОЗУҚАВОРИИ НАЗДИ ҲУКУМАТИ ҶУМҲУРИИ ТОҶИКИСТОН,Иҷозатнома,557,000557,Иҷозатнома оид ба фаъолияти вобаста ба истеҳсол ва фурӯши хӯрокворӣ ва иловаҳои хӯроки чорво,Шахсони воқеӣ,Кумитаи бехатарии озуқавории назди Ҳукумати Ҷумҳурии Тоҷикистон,Кумитаи бехатарии озуқавории назди Ҳукумати Ҷумҳурии Тоҷикистон,"Коғазӣ, электронӣ",Музднок
КУМИТАИ БЕХАТАРИИ ОЗУҚАВОРИИ НАЗДИ ҲУКУМАТИ ҶУМҲУРИИ ТОҶИКИСТОН,Санад,566,000566,Санади азназаргузаронии борҳои таҳти назорати байторӣ,Шахсони воқеӣ,Раёсати Кумитаи бехатарии озуқавории назди Ҳукумати Ҷумҳурии Тоҷикистон дар сарҳади давлатӣ ва нақлиёт,Раёсати Кумитаи бехатарии озуқавории назди Ҳукумати Ҷумҳурии Тоҷикистон дар сарҳади давлатӣ ва нақлиёт,"Коғазӣ, электронӣ",Музднок
КУМИТАИ БЕХАТАРИИ ОЗУҚАВОРИИ НАЗДИ ҲУКУМАТИ ҶУМҲУРИИ ТОҶИКИСТОН,Санад,567,000567,"Санади азназаргузаронии саририи ҳайвонҳо ҳангоми боркунӣ, борфарорӣ ва санҷиши ҳарорати бадани чорво (ҳамаи чорво, интихобан ё аз рӯйи нишондиҳандаҳо)",Шахсони воқеӣ,Марказҳои таъминоти бехатарии озуқаворӣ дар шаҳру ноҳияҳо,Марказҳои таъминоти бехатарии озуқаворӣ дар шаҳру ноҳияҳо,"Коғазӣ, электронӣ",Музднок
КУМИТАИ БЕХАТАРИИ ОЗУҚАВОРИИ НАЗДИ ҲУКУМАТИ ҶУМҲУРИИ ТОҶИКИСТОН,Санад,568,000568,Санади безараргардонии воситаҳои нақлиёти аз хориҷи кишвар воридшаванда,Шахсони воқеӣ,Раёсати Кумитаи бехатарии озуқавории назди Ҳукумати Ҷумҳурии Тоҷикистон дар сарҳади давлатӣ ва нақлиёт,Раёсати Кумитаи бехатарии озуқавории назди Ҳукумати Ҷумҳурии Тоҷикистон дар сарҳади давлатӣ ва нақлиёт,"Коғазӣ, электронӣ",Музднок
КУМИТАИ БЕХАТАРИИ ОЗУҚАВОРИИ НАЗДИ ҲУКУМАТИ ҶУМҲУРИИ ТОҶИКИСТОН,Санад,569,000569,Санади назорати давлатии байтории борҳо ва нақлиёти таҳти назорати байтори қарордошта,Шахсони воқеӣ,Раёсати Кумитаи бехатарии озуқавории назди Ҳукумати Ҷумҳурии Тоҷикистон дар сарҳади давлатӣ ва нақлиёт,Раёсати Кумитаи бехатарии озуқавории назди Ҳукумати Ҷумҳурии Тоҷикистон дар сарҳади давлатӣ ва нақлиёт,"Коғазӣ, электронӣ",Музднок
КУМИТАИ БЕХАТАРИИ ОЗУҚАВОРИИ НАЗДИ ҲУКУМАТИ ҶУМҲУРИИ ТОҶИКИСТОН,Шаҳодатнома,583,000583,Шаҳодатнома дар бораи коркарди байторию санитарии қатораҳо,Шахсони воқеӣ,Раёсати Кумитаи бехатарии озуқавории назди Ҳукумати Ҷумҳурии Тоҷикистон дар сарҳади давлатӣ ва нақлиёт,Раёсати Кумитаи бехатарии озуқавории назди Ҳукумати Ҷумҳурии Тоҷикистон дар сарҳади давлатӣ ва нақлиёт,"Коғазӣ, электронӣ",Музднок
КУМИТАИ ЗАБОН ВА ИСТИЛОҲОТИ НАЗДИ ҲУКУМАТИ ҶУМҲУРИИ ТОҶИКИСТОН,,586,000586,Хулоса ба номгузории фарзанд,Шахсони воқеӣ,Кумитаи забон ва истилоҳоти назди Ҳукумати Ҷумҳурии Тоҷикистон,Кумитаи забон ва истилоҳоти назди Ҳукумати Ҷумҳурии Тоҷикистон,"Коғазӣ, электронӣ",Музднок
КУМИТАИ ЗАБОН ВА ИСТИЛОҲОТИ НАЗДИ ҲУКУМАТИ ҶУМҲУРИИ ТОҶИКИСТОН,,587,000587,"Хулоса ба насаб, ном ва номи падар",Шахсони воқеӣ,Кумитаи забон ва истилоҳоти назди Ҳукумати Ҷумҳурии Тоҷикистон,Кумитаи забон ва истилоҳоти назди Ҳукумати Ҷумҳурии Тоҷикистон,"Коғазӣ, электронӣ",Музднок
КУМИТАИ ҲОЛАТҲОИ ФАВҚУЛОДДА ВА МУДОФИАИ ГРАЖДАНИИ НАЗДИ ҲУКУМАТИ ҶУМҲУРИИ ТОҶИКИСТОН,Шаҳодатнома,671,000671,Шаҳодатнома дар бораи додани мақоми наҷотдиҳанда,Шахсони воқеӣ,Раёсати хадамоти таъиноти махсусгардонида-шудаи кофтуковӣ-наҷотдиҳӣ,Раёсати хадамоти таъиноти махсусгардонида-шудаи кофтуковӣ-наҷотдиҳӣ,"Коғазӣ, электронӣ",Музднок
КУМИТАИ ҲОЛАТҲОИ ФАВҚУЛОДДА ВА МУДОФИАИ ГРАЖДАНИИ НАЗДИ ҲУКУМАТИ ҶУМҲУРИИ ТОҶИКИСТОН,Дафтарча,672,000672,Дафтарчаи наҷотдиҳанда,Шахсони воқеӣ,Раёсати хадамоти таъиноти махсусгардонидашудаи кофтуковӣ-наҷотдиҳӣ,Раёсати хадамоти таъиноти махсусгардонидашудаи кофтуковӣ-наҷотдиҳӣ,"Коғазӣ, электронӣ",Музднок
КУМИТАИ КОР БО ҶАВОНОН ВА ВАРЗИШИ НАЗДИ ҲУКУМАТИ ҶУМҲУРИИ ТОҶИКИСТОН,Маълумотнома,674,000674,Маълумотнома аз натиҷаи аттестатсияи кормандон (мураббиён) ва роҳбарони муассисаи варзишӣ (иқтибос аз протоколи баргузории ҷаласаи комиссияи аттестатсионӣ),Шахсони воқеӣ,Кумитаи кор бо ҷавонон ва варзиши назди Ҳуқумати Ҷумҳурии Тоҷикистон,Кумитаи кор бо ҷавонон ва варзиши назди Ҳуқумати Ҷумҳурии Тоҷикистон,"Коғазӣ, электронӣ",Ройгон
ХАДАМОТИ ГУМРУКИ НАЗДИ ҲУКУМАТИ ҶУМҲУРИИ ТОҶИКИСТОН,Бақайдгирӣ,723,000723,Бақайдгирӣ дар Феҳристи гумрукии объетҳои моликияти зеҳнӣ (шаҳодатнома дар бораи дохил кардан ба Феҳристи гумрукии объетҳои моликияти зеҳнӣ),Шахсони воқеӣ,Хадамоти гумруки назди Ҳукумати Ҷумҳурии Тоҷикистон,Хадамоти гумруки назди Ҳукумати Ҷумҳурии Тоҷикистон,"Коғазӣ, электронӣ",Ройгон
АГЕНТИИ СУҒУРТАИ ИҶТИМОӢ ВА НАФАҚАИ НАЗДИ ҲУКУМАТИ ҶУМҲУРИИ ТОҶИКИСТОН,Маълумотнома,801,000801,Маълумотнома оид ба тасдиқи собиқаи суғуртавӣ,Шахсони воқеӣ,Раёсату шуъбаҳои Агентии суғуртаи иҷтимоӣ ва нафақаи назди Ҳукумати Ҷумҳурии Тоҷикистон дар шаҳру ноҳияҳо,Раёсату шуъбаҳои Агентии суғуртаи иҷтимоӣ ва нафақаи назди Ҳукумати Ҷумҳурии Тоҷикистон дар шаҳру ноҳияҳо,"Коғазӣ, электронӣ",Ройгон
АГЕНТИИ СУҒУРТАИ ИҶТИМОӢ ВА НАФАҚАИ НАЗДИ ҲУКУМАТИ ҶУМҲУРИИ ТОҶИКИСТОН,Шаҳодатнома,802,000802,Шаҳодатномаи суғуртаи ҳатмии нафақавӣ,Шахсони воқеӣ,Раёсату шуъбаҳои Агентии суғуртаи иҷтимоӣ ва нафақаи назди Ҳукумати Ҷумҳурии Тоҷикистон дар шаҳру ноҳияҳо,Раёсату шуъбаҳои Агентии суғуртаи иҷтимоӣ ва нафақаи назди Ҳукумати Ҷумҳурии Тоҷикистон дар шаҳру ноҳияҳо,"Коғазӣ, электронӣ",Музднок
"АГЕНТИИ СТАНДАРТИЗАТСИЯ, МЕТРОЛОГИЯ, СЕРТИФИКАТСИЯ ВА НОЗИРОТИ САВДОИ НАЗДИ ҲУКУМАТИ ҶУМҲУРИИ ТОҶИКИСТОН",Сертификат,816,000816,Сертификати ҳалол,Шахсони воқеӣ,"Агентии стандартизатсия, метрология, сертификатсия ва нозироти савдои назди Ҳукумати Ҷумҳурии Тоҷикистон, марказ ва раёсатҳои стандартизатсия, метрология, сертификатсия ва нозироти савдои Вилояти Мухтори Кӯҳистони Бадахшон, вилоятҳо, минтақаи Кӯлоб, марказҳои ташхиси минтақавӣ дар шаҳру ноҳияҳо","Агентии стандартизатсия, метрология, сертификатсия ва нозироти савдои назди Ҳукумати Ҷумҳурии Тоҷикистон, марказ ва раёсатҳои стандартизатсия, метрология, сертификатсия ва нозироти савдои Вилояти Мухтори Кӯҳистони Бадахшон, вилоятҳо, минтақаи Кӯлоб, марказҳои ташхиси минтақавӣ дар шаҳру ноҳияҳо","Коғазӣ, электронӣ",Музднок
"АГЕНТИИ ХАРИДИ ДАВЛАТИИ МОЛ, КОР ВА ХИЗМАТРАСОНИИ НАЗДИ ҲУКУМАТИ ҶУМҲУРИИ ТОҶИКИСТОН",Сертификат,825,000825,Сертификати мутахассиси хариди давлатӣ,Шахсони воқеӣ,"Агентии хариди давлатии мол, кор ва хизматрасонии назди Ҳукумати Ҷумҳурии Тоҷикистон","Агентии хариди давлатии мол, кор ва хизматрасонии назди Ҳукумати Ҷумҳурии Тоҷикистон","Коғазӣ, электронӣ",Музднок
АГЕНТИИ ХОҶАГИИ ҶАНГАЛИ НАЗДИ ҲУКУМАТИ ҶУМҲУРИИ ТОҶИКИСТОН,Роҳхат,828,000828,Роҳхати шикор,Шахсони воқеӣ,Муассисаҳои давлатии хоҷагиҳои ҷангали шаҳру ноҳияҳо,Муассисаҳои давлатии хоҷагиҳои ҷангали шаҳру ноҳияҳо,"Коғазӣ, электронӣ",Музднок
АГЕНТИИ ХОҶАГИИ ҶАНГАЛИ НАЗДИ ҲУКУМАТИ ҶУМҲУРИИ ТОҶИКИСТОН,Чипта,829,000829,Чиптаи ҷангал,Шахсони воқеӣ,Муассисаҳои давлатии хоҷагиҳои ҷангали шаҳру ноҳияҳо,Муассисаҳои давлатии хоҷагиҳои ҷангали шаҳру ноҳияҳо,"Коғазӣ, электронӣ",Музднок
БОНКИ МИЛЛИИ ТОҶИКИСТОН,Иҷозатнома,849,000849,Шаҳодатномаи тахассусии актуарӣ,Шахсони воқеӣ,Бонки миллии Тоҷикистон,Бонки миллии Тоҷикистон,"Коғазӣ, электронӣ",Ройгон
БОНКИ МИЛЛИИ ТОҶИКИСТОН,Шаҳодатнома,867,000867,Шаҳодатномаи барҳамдиҳанда,Шахсони воқеӣ,Бонки миллии Тоҷикистон,Бонки миллии Тоҷикистон,"Коғазӣ, электронӣ",Ройгон
БОНКИ МИЛЛИИ ТОҶИКИСТОН,Шаҳодатнома,868,000868,Шаҳодатномаи тахассусии аудитор оид ба аудити бонкӣ ва дигар ташкилоти қарзӣ,Шахсони воқеӣ,Бонки миллии Тоҷикистон,Бонки миллии Тоҷикистон,"Коғазӣ, электронӣ",Ройгон
БОНКИ МИЛЛИИ ТОҶИКИСТОН,Шаҳодатнома,869,000869,Шаҳодатномаи мудири махсус,Шахсони воқеӣ,Бонки миллии Тоҷикистон,Бонки миллии Тоҷикистон,"Коғазӣ, электронӣ",Ройгон
МУАССИСАИ ДАВЛАТИИ «КОМИССИЯИ ОЛИИ АТТЕСТАТСИОНИИ НАЗДИ ПРЕЗИДЕНТИ ҶУМҲУРИИ ТОҶИКИСТОН»,Диплом,910,000910,Диплом дар бораи эътироф ва баробарарзиш (нострификатсия)-и дараҷаи илмии дар давлатҳои хориҷӣ бадастовардашуда,Шахсони воқеӣ,Муассисаи давлатии «Комиссияи олии аттестатсионии назди Президенти Ҷумҳурии Тоҷикистон»,Муассисаи давлатии «Комиссияи олии аттестатсионии назди Президенти Ҷумҳурии Тоҷикистон»,"Коғазӣ, электронӣ",Музднок
МУАССИСАИ ДАВЛАТИИ «КОМИССИЯИ ОЛИИ АТТЕСТАТСИОНИИ НАЗДИ ПРЕЗИДЕНТИ ҶУМҲУРИИ ТОҶИКИСТОН»,Диплом,911,000911,Дипломи дараҷаи илмӣ,Шахсони воқеӣ,Муассисаи давлатии «Комиссияи олии аттестатсионии назди Президенти Ҷумҳурии Тоҷикистон»,Муассисаи давлатии «Комиссияи олии аттестатсионии назди Президенти Ҷумҳурии Тоҷикистон»,"Коғазӣ, электронӣ",Музднок
МУАССИСАИ ДАВЛАТИИ «КОМИССИЯИ ОЛИИ АТТЕСТАТСИОНИИ НАЗДИ ПРЕЗИДЕНТИ ҶУМҲУРИИ ТОҶИКИСТОН»,Нусха,912,000912,Нусхаи электронии диссертатсияҳо барои дарёфти дараҷаи илмӣ,Шахсони воқеӣ,Муассисаи давлатии «Комиссияи олии аттестатсионии назди Президенти Ҷумҳурии Тоҷикистон»,Муассисаи давлатии «Комиссияи олии аттестатсионии назди Президенти Ҷумҳурии Тоҷикистон»,Электронӣ,Музднок
МУАССИСАИ ДАВЛАТИИ «КОМИССИЯИ ОЛИИ АТТЕСТАТСИОНИИ НАЗДИ ПРЕЗИДЕНТИ ҶУМҲУРИИ ТОҶИКИСТОН»,Нусха,913,000913,Нусхаи электронии авторефератҳо барои дарёфти дараҷаи илмӣ,Шахсони воқеӣ,Муассисаи давлатии «Комиссияи олии аттестатсионии назди Президенти Ҷумҳурии Тоҷикистон»,Муассисаи давлатии «Комиссияи олии аттестатсионии назди Президенти Ҷумҳурии Тоҷикистон»,Электронӣ,Музднок
МУАССИСАИ ДАВЛАТИИ «КОМИССИЯИ ОЛИИ АТТЕСТАТСИОНИИ НАЗДИ ПРЕЗИДЕНТИ ҶУМҲУРИИ ТОҶИКИСТОН»,Маълумотнома,914,000914,Маълумотномаи «Антиплагиат»,Шахсони воқеӣ,Муассисаи давлатии «Комиссияи олии аттестатсионии назди Президенти Ҷумҳурии Тоҷикистон»,Муассисаи давлатии «Комиссияи олии аттестатсионии назди Президенти Ҷумҳурии Тоҷикистон»,"Коғазӣ, электронӣ",Музднок
МУАССИСАИ ДАВЛАТИИ «КОМИССИЯИ ОЛИИ АТТЕСТАТСИОНИИ НАЗДИ ПРЕЗИДЕНТИ ҶУМҲУРИИ ТОҶИКИСТОН»,Хулоса,915,000915,Хулосаи экспертизаи парвандаҳои аттестатсионии довталабон барои дарёфти дараҷаи илмӣ,Шахсони воқеӣ,Муассисаи давлатии «Комиссияи олии аттестатсионии назди Президенти Ҷумҳурии Тоҷикистон»,Муассисаи давлатии «Комиссияи олии аттестатсионии назди Президенти Ҷумҳурии Тоҷикистон»,"Коғазӣ, электронӣ",Музднок
МУАССИСАИ ДАВЛАТИИ «КОМИССИЯИ ОЛИИ АТТЕСТАТСИОНИИ НАЗДИ ПРЕЗИДЕНТИ ҶУМҲУРИИ ТОҶИКИСТОН»,Хулоса,916,000916,Хулосаи экспертизаи парвандаҳои аттестатсионии довталабон барои дарёфти унвони илмӣ,Шахсони воқеӣ,Муассисаи давлатии «Комиссияи олии аттестатсионии назди Президенти Ҷумҳурии Тоҷикистон»,Муассисаи давлатии «Комиссияи олии аттестатсионии назди Президенти Ҷумҳурии Тоҷикистон»,"Коғазӣ, электронӣ",Музднок
МУАССИСАИ ДАВЛАТИИ «КОМИССИЯИ ОЛИИ АТТЕСТАТСИОНИИ НАЗДИ ПРЕЗИДЕНТИ ҶУМҲУРИИ ТОҶИКИСТОН»,Хулоса,917,000917,Хулосаи экпспертизаи дархостнома ва парвандаи аттестатсионӣ оид ба таъсиси шурои диссертатсионӣ,Шахсони воқеӣ,Муассисаи давлатии «Комиссияи олии аттестатсионии назди Президенти Ҷумҳурии Тоҷикистон»,Муассисаи давлатии «Комиссияи олии аттестатсионии назди Президенти Ҷумҳурии Тоҷикистон»,"Коғазӣ, электронӣ",Музднок
МУАССИСАИ ДАВЛАТИИ «КОМИССИЯИ ОЛИИ АТТЕСТАТСИОНИИ НАЗДИ ПРЕЗИДЕНТИ ҶУМҲУРИИ ТОҶИКИСТОН»,Хулоса,918,000918,Хулосаи экспертиза ва бақайдгирии маҷаллаҳо (нашрия)-и илмии тақризшавандаи Ҷумҳурии Тоҷикистон,Шахсони воқеӣ,Муассисаи давлатии «Комиссияи олии аттестатсионии назди Президенти Ҷумҳурии Тоҷикистон»,Муассисаи давлатии «Комиссияи олии аттестатсионии назди Президенти Ҷумҳурии Тоҷикистон»,"Коғазӣ, электронӣ",Музднок
МУАССИСАИ ДАВЛАТИИ «КОМИССИЯИ ОЛИИ АТТЕСТАТСИОНИИ НАЗДИ ПРЕЗИДЕНТИ ҶУМҲУРИИ ТОҶИКИСТОН»,Шаҳодатнома,919,000919,Шаҳодатномаи унвони илмӣ,Шахсони воқеӣ,Муассисаи давлатии «Комиссияи олии аттестатсионии назди Президенти Ҷумҳурии Тоҷикистон»,Муассисаи давлатии «Комиссияи олии аттестатсионии назди Президенти Ҷумҳурии Тоҷикистон»,"Коғазӣ, электронӣ",Музднок
МУАССИСАИ ДАВЛАТИИ «КОМИССИЯИ ОЛИИ АТТЕСТАТСИОНИИ НАЗДИ ПРЕЗИДЕНТИ ҶУМҲУРИИ ТОҶИКИСТОН»,Шаҳодатнома,920,000920,Маълумот оид ба ҷойгиркунии эълони ҳимояи диссертатсия,Шахсони воқеӣ,Муассисаи давлатии «Комиссияи олии аттестатсионии назди Президенти Ҷумҳурии Тоҷикистон»,Муассисаи давлатии «Комиссияи олии аттестатсионии назди Президенти Ҷумҳурии Тоҷикистон»,"Коғазӣ, электронӣ",Музднок
